-- MySQL dump 10.13  Distrib 8.0.21, for osx10.15 (x86_64)
--
-- Host: localhost    Database: bookstore
-- ------------------------------------------------------
-- Server version	8.0.21

/*!40101 SET @OLD_CHARACTER_SET_CLIENT=@@CHARACTER_SET_CLIENT */;
/*!40101 SET @OLD_CHARACTER_SET_RESULTS=@@CHARACTER_SET_RESULTS */;
/*!40101 SET @OLD_COLLATION_CONNECTION=@@COLLATION_CONNECTION */;
/*!50503 SET NAMES utf8mb4 */;
/*!40103 SET @OLD_TIME_ZONE=@@TIME_ZONE */;
/*!40103 SET TIME_ZONE='+00:00' */;
/*!40014 SET @OLD_UNIQUE_CHECKS=@@UNIQUE_CHECKS, UNIQUE_CHECKS=0 */;
/*!40014 SET @OLD_FOREIGN_KEY_CHECKS=@@FOREIGN_KEY_CHECKS, FOREIGN_KEY_CHECKS=0 */;
/*!40101 SET @OLD_SQL_MODE=@@SQL_MODE, SQL_MODE='NO_AUTO_VALUE_ON_ZERO' */;
/*!40111 SET @OLD_SQL_NOTES=@@SQL_NOTES, SQL_NOTES=0 */;

--
-- Table structure for table `authors`
--

DROP TABLE IF EXISTS `authors`;
/*!40101 SET @saved_cs_client     = @@character_set_client */;
/*!50503 SET character_set_client = utf8mb4 */;
CREATE TABLE `authors` (
  `id` int NOT NULL AUTO_INCREMENT,
  `author_name` varchar(100) DEFAULT NULL,
  PRIMARY KEY (`id`)
) ENGINE=InnoDB AUTO_INCREMENT=5 DEFAULT CHARSET=utf8mb4 COLLATE=utf8mb4_0900_ai_ci;
/*!40101 SET character_set_client = @saved_cs_client */;

--
-- Dumping data for table `authors`
--

LOCK TABLES `authors` WRITE;
/*!40000 ALTER TABLE `authors` DISABLE KEYS */;
INSERT INTO `authors` VALUES (0,'Leo Tolstoy'),(1,'Herman Melville'),(2,'Jack London'),(3,'JRR Tolkien'),(4,'Rudyard Kipling');
/*!40000 ALTER TABLE `authors` ENABLE KEYS */;
UNLOCK TABLES;

--
-- Table structure for table `books`
--

DROP TABLE IF EXISTS `books`;
/*!40101 SET @saved_cs_client     = @@character_set_client */;
/*!50503 SET character_set_client = utf8mb4 */;
CREATE TABLE `books` (
  `ISBN` varchar(100) NOT NULL,
  `title` varchar(100) DEFAULT NULL,
  `author_id` int DEFAULT NULL,
  `unit_price` double DEFAULT NULL,
  PRIMARY KEY (`ISBN`)
) ENGINE=InnoDB DEFAULT CHARSET=utf8mb4 COLLATE=utf8mb4_0900_ai_ci;
/*!40101 SET character_set_client = @saved_cs_client */;

--
-- Dumping data for table `books`
--

LOCK TABLES `books` WRITE;
/*!40000 ALTER TABLE `books` DISABLE KEYS */;
INSERT INTO `books` VALUES ('073998388-1','The Man Who Would Be King',4,12.37),('216718574-X','The Jungle Book',4,42.49),('299877940-9','War and Peace',0,64.38),('379926608-9','Ann Karenina',0,18.98),('535429048-1','Kim',4,19.73),('646391776-1','White Fang',2,20.28),('668508329-8','Lord of the Rings',3,85.58),('680111552-9','The Hobbit',3,15.64),('822495801-9','Moby Dick',1,32.95),('897167281-1','Call of the Wild',2,13.45);
/*!40000 ALTER TABLE `books` ENABLE KEYS */;
UNLOCK TABLES;

--
-- Table structure for table `customers`
--

DROP TABLE IF EXISTS `customers`;
/*!40101 SET @saved_cs_client     = @@character_set_client */;
/*!50503 SET character_set_client = utf8mb4 */;
CREATE TABLE `customers` (
  `id` int NOT NULL AUTO_INCREMENT,
  `first_name` varchar(100) DEFAULT NULL,
  `last_name` varchar(100) DEFAULT NULL,
  `email` varchar(100) DEFAULT NULL,
  PRIMARY KEY (`id`)
) ENGINE=InnoDB AUTO_INCREMENT=101 DEFAULT CHARSET=utf8mb4 COLLATE=utf8mb4_0900_ai_ci;
/*!40101 SET character_set_client = @saved_cs_client */;

--
-- Dumping data for table `customers`
--

LOCK TABLES `customers` WRITE;
/*!40000 ALTER TABLE `customers` DISABLE KEYS */;
INSERT INTO `customers` VALUES (1,'Burty','Hixson','bhixson0@guardian.co.uk'),(2,'Hyacinthia','Metheringham','hmetheringham1@chron.com'),(3,'Galina','Raysdale','graysdale2@eepurl.com'),(4,'Netti','McCuis','nmccuis3@godaddy.com'),(5,'Phineas','Sahlstrom','psahlstrom4@google.es'),(6,'Erinn','Hannond','ehannond5@wiley.com'),(7,'Adams','Roarty','aroarty6@usatoday.com'),(8,'Innis','Kunc','ikunc7@hugedomains.com'),(9,'Rozele','Want','rwant8@t.co'),(10,'Hort','Yorston','hyorston9@vimeo.com'),(11,'Toby','De Freyne','tdefreynea@miibeian.gov.cn'),(12,'Muire','Bucham','mbuchamb@ca.gov'),(13,'Karry','Deshorts','kdeshortsc@rambler.ru'),(14,'Ernst','Gabbitis','egabbitisd@miitbeian.gov.cn'),(15,'Carmel','Tink','ctinke@wikipedia.org'),(16,'Lulu','Varran','lvarranf@4shared.com'),(17,'Cherri','Threadgould','cthreadgouldg@msn.com'),(18,'Alane','Rolfi','arolfih@i2i.jp'),(19,'Jacinda','Bocock','jbococki@nationalgeographic.com'),(20,'Kristel','Dealtry','kdealtryj@deliciousdays.com'),(21,'Dur','Weiss','dweissk@reverbnation.com'),(23,'Shoshanna','Bleier','sbleierm@vkontakte.ru'),(24,'Florenza','Room','froomn@oracle.com'),(25,'Ewart','Flinders','eflinderso@yolasite.com'),(26,'Yale','Dufton','yduftonp@google.fr'),(27,'Annette','Reims','areimsq@shareasale.com'),(28,'Dalia','Kightly','dkightlyr@biglobe.ne.jp'),(29,'Ralf','Naton','rnatons@prweb.com'),(30,'Alphard','Josling','ajoslingt@squidoo.com'),(31,'Drona','Grise','dgriseu@indiatimes.com'),(32,'Adriena','Dries','adriesv@auda.org.au'),(33,'Lonny','Di Pietro','ldipietrow@oracle.com'),(34,'Lindsey','Lummus','llummusx@marriott.com'),(35,'Carlo','Probate','cprobatey@amazon.com'),(36,'Kristyn','Betty','kbettyz@aol.com'),(37,'Schuyler','Cassels','scassels10@seattletimes.com'),(38,'Suzann','Tomaszczyk','stomaszczyk11@statcounter.com'),(39,'Nancee','Tomlins','ntomlins12@google.de'),(40,'Johnny','Greeno','jgreeno13@washingtonpost.com'),(41,'Pepi','Dohms','pdohms14@tripadvisor.com'),(42,'Adriena','Dewey','adewey15@tuttocitta.it'),(43,'Wes','Kapiloff','wkapiloff16@census.gov'),(44,'Eda','Dadge','edadge17@webeden.co.uk'),(45,'Ervin','Neames','eneames18@github.io'),(46,'Aimee','Halbard','ahalbard19@devhub.com'),(47,'Delcina','Salterne','dsalterne1a@storify.com'),(48,'Lizzie','Shoppee','lshoppee1b@spotify.com'),(49,'Ham','Lethley','hlethley1c@reverbnation.com'),(50,'Kareem','Leyzell','kleyzell1d@vistaprint.com'),(51,'Cyril','Valeri','cvaleri1e@jalbum.net'),(52,'Kevon','Walesby','kwalesby1f@dagondesign.com'),(53,'Ferris','Otteridge','fotteridge1g@exblog.jp'),(54,'Mab','Medford','mmedford1h@deliciousdays.com'),(55,'Gaylene','Harry','gharry1i@usnews.com'),(56,'Duky','Chillistone','dchillistone1j@auda.org.au'),(57,'Lenora','Challicombe','lchallicombe1k@slashdot.org'),(58,'Aile','Scarsbrick','ascarsbrick1l@miibeian.gov.cn'),(59,'Anallese','Eldred','aeldred1m@comcast.net'),(60,'Clemente','Ceschini','cceschini1n@myspace.com'),(61,'Marvin','Antonetti','mantonetti1o@wufoo.com'),(62,'Rosemarie','Dyers','rdyers1p@dedecms.com'),(63,'Jennee','Tamas','jtamas1q@pbs.org'),(64,'Annemarie','McKinstry','amckinstry1r@ucsd.edu'),(65,'Timothy','Laven','tlaven1s@ning.com'),(66,'Zilvia','Shelper','zshelper1t@goo.gl'),(67,'Hanson','Wallwork','hwallwork1u@elegantthemes.com'),(68,'Sibeal','Snar','ssnar1v@who.int'),(69,'Ezequiel','Jeremaes','ejeremaes1w@narod.ru'),(70,'Cyndia','Gibbie','cgibbie1x@diigo.com'),(71,'Vera','Lomasny','vlomasny1y@netscape.com'),(72,'Alvina','Pipkin','apipkin1z@google.com.br'),(73,'Darby','Enser','denser20@symantec.com'),(74,'Andromache','Howel','ahowel21@csmonitor.com'),(75,'Desmond','Berre','dberre22@forbes.com'),(76,'Tasia','Whittleton','twhittleton23@slideshare.net'),(77,'Aurel','Driscoll','adriscoll24@pcworld.com'),(78,'Ted','Cettell','tcettell25@marriott.com'),(79,'Jordanna','Searchwell','jsearchwell26@xing.com'),(80,'Elset','Glasebrook','eglasebrook27@senate.gov'),(81,'Chicky','Kebell','ckebell28@bravesites.com'),(82,'Russell','Bleiman','rbleiman29@unc.edu'),(83,'Teddie','Thomerson','tthomerson2a@nytimes.com'),(84,'Lanie','Reilinger','lreilinger2b@vk.com'),(85,'Kelcey','Dilley','kdilley2c@engadget.com'),(86,'Arlyn','Sandhill','asandhill2d@yahoo.co.jp'),(87,'Bertie','Giraudy','bgiraudy2e@google.nl'),(88,'Mahala','Roke','mroke2f@epa.gov'),(89,'Bobbette','Lantoph','blantoph2g@webmd.com'),(90,'Cate','Tomaszynski','ctomaszynski2h@free.fr'),(91,'Babara','Samsonsen','bsamsonsen2i@goo.ne.jp'),(92,'Griffie','Shields','gshields2j@xrea.com'),(93,'Fleur','Hayman','fhayman2k@issuu.com'),(94,'Allan','Rasmus','arasmus2l@amazon.co.jp'),(95,'Katha','Tuley','ktuley2m@examiner.com'),(96,'Romonda','Folkes','rfolkes2n@tumblr.com'),(97,'Jermayne','Disley','jdisley2o@furl.net'),(98,'Zita','Ancliff','zancliff2p@imageshack.us'),(99,'Emmi','Corney','ecorney2q@redcross.org'),(100,'Kaylyn','Wyllcocks','kwyllcocks2r@is.gd');
/*!40000 ALTER TABLE `customers` ENABLE KEYS */;
UNLOCK TABLES;

--
-- Table structure for table `purchases`
--

DROP TABLE IF EXISTS `purchases`;
/*!40101 SET @saved_cs_client     = @@character_set_client */;
/*!50503 SET character_set_client = utf8mb4 */;
CREATE TABLE `purchases` (
  `transaction_id` int NOT NULL AUTO_INCREMENT,
  `timestamp` date DEFAULT NULL,
  `book_id` varchar(100) DEFAULT NULL,
  `cust_id` int DEFAULT NULL,
  `quantity` int DEFAULT NULL,
  PRIMARY KEY (`transaction_id`),
  KEY `book_id` (`book_id`),
  KEY `cust_id` (`cust_id`),
  CONSTRAINT `purchases_ibfk_1` FOREIGN KEY (`book_id`) REFERENCES `books` (`ISBN`),
  CONSTRAINT `purchases_ibfk_2` FOREIGN KEY (`book_id`) REFERENCES `books` (`ISBN`),
  CONSTRAINT `purchases_ibfk_3` FOREIGN KEY (`cust_id`) REFERENCES `customers` (`id`)
) ENGINE=InnoDB AUTO_INCREMENT=1001 DEFAULT CHARSET=utf8mb4 COLLATE=utf8mb4_0900_ai_ci;
/*!40101 SET character_set_client = @saved_cs_client */;

--
-- Dumping data for table `purchases`
--

LOCK TABLES `purchases` WRITE;
/*!40000 ALTER TABLE `purchases` DISABLE KEYS */;
INSERT INTO `purchases` VALUES (1,'2019-07-16','073998388-1',68,7),(2,'2020-06-20','379926608-9',83,10),(3,'2020-09-05','897167281-1',62,6),(4,'2018-11-11','379926608-9',11,10),(5,'2020-10-07','216718574-X',38,3),(6,'2020-08-05','535429048-1',70,10),(7,'2019-03-07','535429048-1',23,10),(8,'2019-08-10','897167281-1',37,7),(9,'2020-08-22','379926608-9',68,9),(10,'2019-04-15','299877940-9',91,5),(11,'2019-01-31','379926608-9',64,9),(12,'2020-10-01','073998388-1',49,2),(13,'2019-02-18','216718574-X',90,3),(14,'2019-09-24','668508329-8',15,8),(15,'2019-07-10','379926608-9',31,8),(16,'2020-05-18','680111552-9',60,5),(17,'2019-01-30','073998388-1',77,4),(18,'2019-12-03','299877940-9',13,9),(19,'2019-01-22','897167281-1',69,5),(20,'2019-01-27','897167281-1',50,8),(21,'2020-06-11','668508329-8',42,4),(22,'2020-04-26','535429048-1',56,10),(23,'2019-08-30','299877940-9',9,8),(24,'2019-07-28','680111552-9',48,3),(25,'2020-03-29','216718574-X',47,2),(26,'2019-03-01','646391776-1',59,6),(27,'2019-03-06','680111552-9',33,6),(28,'2020-08-22','216718574-X',21,7),(29,'2019-04-04','379926608-9',72,4),(30,'2019-08-26','073998388-1',81,3),(31,'2019-11-06','073998388-1',62,8),(32,'2019-04-09','646391776-1',64,7),(33,'2020-07-24','379926608-9',30,6),(34,'2019-06-02','668508329-8',99,6),(35,'2019-05-11','680111552-9',80,7),(36,'2020-06-11','216718574-X',4,2),(37,'2020-04-20','216718574-X',74,3),(38,'2020-10-11','299877940-9',71,2),(39,'2019-11-08','379926608-9',14,1),(40,'2020-06-19','299877940-9',35,6),(41,'2019-03-15','073998388-1',28,7),(42,'2019-01-29','535429048-1',13,8),(43,'2020-09-15','680111552-9',8,7),(44,'2020-02-14','668508329-8',84,9),(45,'2019-09-08','535429048-1',52,9),(46,'2020-04-25','646391776-1',56,8),(47,'2019-10-27','535429048-1',4,10),(48,'2018-10-28','299877940-9',79,2),(50,'2019-12-03','668508329-8',56,2),(51,'2018-11-13','073998388-1',19,9),(52,'2019-02-21','822495801-9',47,9),(53,'2019-12-16','668508329-8',64,1),(54,'2019-09-17','646391776-1',10,9),(55,'2019-01-09','073998388-1',81,3),(56,'2019-01-20','680111552-9',82,10),(57,'2020-03-29','216718574-X',98,5),(58,'2020-06-12','680111552-9',90,8),(59,'2018-10-26','535429048-1',64,2),(60,'2020-02-21','073998388-1',74,5),(61,'2020-09-05','299877940-9',84,10),(62,'2019-05-23','680111552-9',11,2),(63,'2019-05-09','535429048-1',79,6),(64,'2020-02-20','073998388-1',54,1),(65,'2019-04-16','646391776-1',19,2),(66,'2019-01-26','897167281-1',16,1),(67,'2019-03-22','680111552-9',75,9),(68,'2020-06-28','668508329-8',95,6),(69,'2019-06-19','379926608-9',98,9),(70,'2018-12-14','822495801-9',59,5),(71,'2019-01-22','073998388-1',80,3),(72,'2018-12-31','680111552-9',95,8),(73,'2019-02-14','897167281-1',32,1),(74,'2019-04-09','822495801-9',45,9),(75,'2018-12-28','822495801-9',54,6),(76,'2020-02-10','668508329-8',71,8),(77,'2020-04-19','897167281-1',34,10),(78,'2019-04-30','668508329-8',86,7),(79,'2019-10-27','379926608-9',10,4),(80,'2020-09-18','535429048-1',47,6),(81,'2018-10-31','668508329-8',99,5),(82,'2020-06-16','680111552-9',65,10),(83,'2019-03-03','535429048-1',90,5),(84,'2019-10-13','216718574-X',7,3),(85,'2020-02-01','668508329-8',91,10),(86,'2019-02-24','646391776-1',54,5),(87,'2020-06-19','680111552-9',44,2),(88,'2019-12-03','668508329-8',48,4),(89,'2019-09-11','680111552-9',35,4),(90,'2020-01-30','073998388-1',72,6),(91,'2020-07-10','073998388-1',37,6),(92,'2019-11-28','535429048-1',92,9),(93,'2018-12-03','379926608-9',7,9),(94,'2020-04-04','535429048-1',59,8),(95,'2019-03-30','668508329-8',85,1),(96,'2020-02-23','216718574-X',28,10),(97,'2019-03-12','680111552-9',72,7),(98,'2019-12-22','646391776-1',3,8),(99,'2020-05-04','535429048-1',30,9),(100,'2019-05-30','299877940-9',35,3),(101,'2019-06-03','668508329-8',50,10),(102,'2019-03-13','535429048-1',25,7),(103,'2020-04-04','680111552-9',89,6),(104,'2019-04-02','822495801-9',14,1),(105,'2019-07-26','073998388-1',28,2),(106,'2019-09-18','680111552-9',93,10),(107,'2018-12-29','073998388-1',14,8),(108,'2019-12-20','680111552-9',96,5),(109,'2018-10-24','680111552-9',83,10),(110,'2020-01-21','535429048-1',90,7),(111,'2019-11-01','216718574-X',48,3),(112,'2019-09-25','073998388-1',44,2),(113,'2018-12-27','668508329-8',8,2),(114,'2020-05-30','299877940-9',94,7),(115,'2019-09-19','535429048-1',19,5),(116,'2019-07-06','680111552-9',84,2),(117,'2020-02-24','073998388-1',65,2),(118,'2019-10-03','646391776-1',44,1),(119,'2019-01-15','897167281-1',87,6),(120,'2020-02-05','299877940-9',47,1),(121,'2020-01-17','379926608-9',99,10),(122,'2019-06-29','897167281-1',15,10),(123,'2018-11-16','822495801-9',25,2),(124,'2020-09-11','073998388-1',62,8),(125,'2019-08-16','680111552-9',44,9),(126,'2019-02-05','822495801-9',19,8),(127,'2020-02-23','897167281-1',70,2),(128,'2020-07-06','680111552-9',99,1),(129,'2019-06-16','822495801-9',8,7),(130,'2020-09-28','299877940-9',4,5),(131,'2019-04-04','680111552-9',65,8),(132,'2018-12-28','535429048-1',30,1),(133,'2020-04-02','379926608-9',38,8),(134,'2020-08-17','073998388-1',4,7),(135,'2019-10-17','680111552-9',49,1),(136,'2020-09-09','646391776-1',29,7),(137,'2020-01-19','680111552-9',68,6),(138,'2019-01-18','379926608-9',67,8),(139,'2019-02-19','680111552-9',69,7),(140,'2019-01-17','299877940-9',72,1),(141,'2019-01-30','897167281-1',8,4),(142,'2020-09-10','216718574-X',4,9),(143,'2020-06-16','680111552-9',19,2),(144,'2018-12-28','535429048-1',34,6),(145,'2018-11-03','897167281-1',100,4),(146,'2019-08-04','379926608-9',61,8),(147,'2020-08-13','897167281-1',82,4),(148,'2020-06-10','216718574-X',39,9),(149,'2019-05-13','299877940-9',51,10),(150,'2020-10-11','216718574-X',28,8),(151,'2020-06-08','073998388-1',90,10),(152,'2020-10-10','299877940-9',80,6),(153,'2019-04-30','897167281-1',7,4),(154,'2020-03-01','535429048-1',14,8),(155,'2019-02-21','897167281-1',13,5),(156,'2019-12-03','668508329-8',8,5),(157,'2019-08-13','535429048-1',23,8),(158,'2020-08-19','299877940-9',56,7),(159,'2018-12-26','680111552-9',45,2),(160,'2018-11-24','379926608-9',95,7),(161,'2019-08-22','668508329-8',45,8),(162,'2020-01-23','646391776-1',25,9),(163,'2019-06-19','680111552-9',39,2),(164,'2020-03-23','646391776-1',62,9),(165,'2019-02-01','668508329-8',89,3),(166,'2019-12-31','073998388-1',100,4),(167,'2020-01-20','646391776-1',76,3),(168,'2020-01-07','379926608-9',16,10),(169,'2020-01-21','073998388-1',24,6),(170,'2019-04-26','073998388-1',18,4),(171,'2020-09-16','822495801-9',76,4),(172,'2019-02-08','680111552-9',83,7),(173,'2020-02-23','680111552-9',66,4),(174,'2019-05-07','646391776-1',68,9),(175,'2019-04-02','073998388-1',86,2),(176,'2019-05-28','216718574-X',84,9),(177,'2019-10-31','668508329-8',38,8),(178,'2020-09-12','216718574-X',94,2),(179,'2018-11-13','646391776-1',78,7),(180,'2020-08-29','216718574-X',62,4),(181,'2020-01-24','299877940-9',41,4),(182,'2019-09-06','897167281-1',7,1),(183,'2020-07-29','646391776-1',50,2),(184,'2020-04-16','897167281-1',53,4),(185,'2020-08-26','646391776-1',76,8),(186,'2019-08-18','379926608-9',89,1),(187,'2018-11-29','379926608-9',78,8),(188,'2020-04-16','822495801-9',97,9),(189,'2019-12-14','073998388-1',86,1),(190,'2018-10-19','668508329-8',1,7),(191,'2019-08-17','680111552-9',8,10),(192,'2018-12-30','535429048-1',61,1),(193,'2019-12-06','535429048-1',69,4),(194,'2019-02-10','822495801-9',20,6),(195,'2020-07-20','299877940-9',24,7),(196,'2020-05-18','646391776-1',14,9),(197,'2019-06-20','646391776-1',72,6),(198,'2019-11-12','822495801-9',82,5),(199,'2020-02-01','897167281-1',53,7),(200,'2020-07-31','216718574-X',20,2),(201,'2019-01-15','897167281-1',33,6),(202,'2020-03-11','668508329-8',66,9),(203,'2020-07-07','897167281-1',76,9),(204,'2019-06-28','299877940-9',61,6),(205,'2018-10-29','216718574-X',26,4),(206,'2020-08-25','535429048-1',61,7),(207,'2019-08-30','073998388-1',56,2),(208,'2019-07-24','535429048-1',53,2),(209,'2020-10-18','299877940-9',3,10),(210,'2018-10-22','379926608-9',62,6),(211,'2020-05-17','535429048-1',83,5),(212,'2020-07-13','897167281-1',10,5),(213,'2018-11-15','216718574-X',63,4),(214,'2019-12-27','299877940-9',10,5),(215,'2019-03-13','822495801-9',56,4),(216,'2020-03-09','299877940-9',65,2),(217,'2019-12-21','216718574-X',16,8),(218,'2020-02-07','668508329-8',86,5),(219,'2019-04-25','668508329-8',37,1),(220,'2019-08-30','822495801-9',34,8),(221,'2019-12-29','668508329-8',7,5),(222,'2019-04-16','535429048-1',35,10),(223,'2019-10-19','897167281-1',21,5),(224,'2018-11-16','646391776-1',6,3),(225,'2019-01-27','822495801-9',80,1),(226,'2020-04-04','897167281-1',3,8),(227,'2020-04-05','897167281-1',36,5),(228,'2019-10-21','216718574-X',31,5),(229,'2020-10-12','822495801-9',10,3),(230,'2019-04-10','073998388-1',23,9),(231,'2019-03-15','822495801-9',55,6),(232,'2020-06-16','668508329-8',71,3),(233,'2020-09-29','379926608-9',91,4),(234,'2019-01-25','668508329-8',78,1),(235,'2019-08-28','897167281-1',16,3),(236,'2020-03-18','379926608-9',58,10),(237,'2020-07-09','379926608-9',63,3),(238,'2020-09-17','668508329-8',19,10),(239,'2019-06-23','668508329-8',27,5),(240,'2020-06-08','897167281-1',55,1),(241,'2019-08-23','216718574-X',67,10),(242,'2019-07-25','646391776-1',11,10),(243,'2019-06-24','680111552-9',59,2),(244,'2018-10-27','216718574-X',84,8),(245,'2018-12-26','897167281-1',16,1),(246,'2020-02-13','073998388-1',84,2),(247,'2020-03-14','299877940-9',21,4),(248,'2019-03-31','535429048-1',16,4),(249,'2019-09-14','822495801-9',38,9),(250,'2019-01-06','680111552-9',16,4),(251,'2019-06-24','535429048-1',80,10),(252,'2020-10-16','299877940-9',60,2),(253,'2019-02-28','216718574-X',75,3),(254,'2019-12-08','535429048-1',59,4),(255,'2020-07-22','299877940-9',69,5),(256,'2019-12-22','646391776-1',84,4),(257,'2019-02-01','379926608-9',11,10),(258,'2020-04-20','646391776-1',53,1),(259,'2020-10-11','073998388-1',31,6),(260,'2020-08-11','668508329-8',72,4),(261,'2019-11-03','897167281-1',89,5),(262,'2020-02-07','379926608-9',26,3),(263,'2020-04-22','646391776-1',37,2),(264,'2019-09-04','379926608-9',31,4),(265,'2019-01-25','668508329-8',69,4),(266,'2020-03-13','216718574-X',25,5),(267,'2018-10-29','073998388-1',36,9),(268,'2019-10-30','822495801-9',16,4),(269,'2020-01-31','646391776-1',10,4),(270,'2020-02-16','073998388-1',8,6),(271,'2020-02-02','680111552-9',52,8),(272,'2020-07-17','299877940-9',48,8),(273,'2020-06-13','822495801-9',51,4),(274,'2019-02-18','216718574-X',42,9),(275,'2019-01-15','299877940-9',57,6),(276,'2020-04-23','073998388-1',43,1),(277,'2018-11-05','379926608-9',93,5),(278,'2020-07-10','897167281-1',33,1),(279,'2020-06-24','535429048-1',61,1),(280,'2018-12-26','299877940-9',98,5),(281,'2019-10-06','822495801-9',43,8),(282,'2019-04-02','535429048-1',83,6),(283,'2020-04-07','379926608-9',93,7),(284,'2019-09-08','822495801-9',47,1),(286,'2020-06-19','073998388-1',73,6),(287,'2019-01-29','646391776-1',3,10),(288,'2020-05-06','646391776-1',6,4),(289,'2019-07-12','299877940-9',25,3),(290,'2020-03-19','897167281-1',75,9),(291,'2018-12-08','668508329-8',62,9),(292,'2020-09-03','668508329-8',77,3),(293,'2019-07-04','073998388-1',4,3),(294,'2019-06-09','668508329-8',40,10),(295,'2019-12-08','646391776-1',61,9),(296,'2020-09-17','897167281-1',82,6),(297,'2019-07-09','680111552-9',5,3),(299,'2019-08-11','379926608-9',79,9),(300,'2019-01-14','897167281-1',78,6),(301,'2020-05-19','073998388-1',69,5),(302,'2019-10-22','299877940-9',76,3),(303,'2020-05-09','822495801-9',83,9),(304,'2019-03-28','299877940-9',57,4),(305,'2019-11-07','299877940-9',35,3),(306,'2019-09-08','680111552-9',52,3),(307,'2019-09-22','668508329-8',35,4),(308,'2020-09-04','680111552-9',94,10),(309,'2019-07-31','680111552-9',58,3),(310,'2020-03-02','299877940-9',43,3),(311,'2019-08-13','216718574-X',96,8),(312,'2018-12-14','073998388-1',7,6),(313,'2020-04-30','822495801-9',20,3),(314,'2020-05-13','668508329-8',73,1),(315,'2020-05-05','897167281-1',39,8),(316,'2020-07-31','680111552-9',10,1),(317,'2020-03-27','668508329-8',12,1),(318,'2020-10-01','379926608-9',61,10),(319,'2019-08-22','535429048-1',90,2),(320,'2020-06-22','822495801-9',69,1),(321,'2019-05-28','535429048-1',31,7),(322,'2020-03-01','379926608-9',56,1),(323,'2019-12-07','668508329-8',68,6),(324,'2019-03-28','822495801-9',37,1),(325,'2020-09-07','379926608-9',26,8),(326,'2020-02-15','379926608-9',60,5),(327,'2019-12-09','379926608-9',31,6),(328,'2020-08-01','822495801-9',40,2),(329,'2019-06-05','535429048-1',34,3),(330,'2020-06-14','680111552-9',86,7),(331,'2020-09-22','822495801-9',93,9),(332,'2020-09-23','646391776-1',75,6),(333,'2018-11-01','535429048-1',33,5),(334,'2019-01-07','668508329-8',55,3),(335,'2020-03-26','299877940-9',87,6),(336,'2019-06-04','646391776-1',42,8),(337,'2019-03-09','822495801-9',46,4),(338,'2019-05-11','668508329-8',63,6),(339,'2020-06-02','668508329-8',64,3),(340,'2020-09-30','216718574-X',88,2),(341,'2019-10-03','822495801-9',44,5),(342,'2020-09-30','668508329-8',81,1),(343,'2020-09-07','535429048-1',7,5),(344,'2019-06-13','073998388-1',7,10),(345,'2020-06-29','668508329-8',13,3),(346,'2020-10-01','379926608-9',25,5),(347,'2020-09-26','073998388-1',92,4),(348,'2020-06-15','299877940-9',52,2),(349,'2020-08-02','216718574-X',18,7),(350,'2020-08-01','073998388-1',86,3),(351,'2020-03-21','897167281-1',64,3),(352,'2018-11-04','822495801-9',59,10),(353,'2019-12-09','535429048-1',90,7),(354,'2018-11-23','680111552-9',69,4),(355,'2019-11-10','822495801-9',66,10),(356,'2020-08-18','216718574-X',90,3),(357,'2019-06-26','897167281-1',86,2),(358,'2020-09-01','535429048-1',59,7),(359,'2020-05-25','822495801-9',80,4),(360,'2019-03-29','897167281-1',35,2),(361,'2018-12-06','073998388-1',85,5),(362,'2020-01-29','680111552-9',67,2),(363,'2019-07-21','822495801-9',52,4),(364,'2019-05-08','646391776-1',69,10),(365,'2019-02-19','073998388-1',41,7),(366,'2019-07-13','299877940-9',72,3),(368,'2020-07-12','680111552-9',80,10),(369,'2019-08-18','216718574-X',12,3),(370,'2019-07-21','646391776-1',1,5),(371,'2018-11-28','668508329-8',53,4),(372,'2019-09-08','379926608-9',3,2),(373,'2019-04-10','216718574-X',64,10),(374,'2019-03-17','379926608-9',81,1),(375,'2019-04-25','299877940-9',50,3),(376,'2020-06-18','535429048-1',77,4),(377,'2018-12-24','216718574-X',35,8),(378,'2018-11-28','680111552-9',50,5),(379,'2018-12-03','379926608-9',8,2),(380,'2020-01-08','897167281-1',8,2),(381,'2019-10-17','668508329-8',65,10),(382,'2020-08-09','299877940-9',50,1),(383,'2019-12-01','535429048-1',71,9),(384,'2019-06-04','379926608-9',35,2),(385,'2020-03-08','897167281-1',11,7),(386,'2019-08-09','897167281-1',92,10),(387,'2020-03-13','379926608-9',24,4),(388,'2020-06-28','680111552-9',73,4),(389,'2020-05-24','897167281-1',28,1),(390,'2020-07-27','897167281-1',5,4),(391,'2020-06-14','680111552-9',15,1),(392,'2019-01-16','073998388-1',67,8),(393,'2020-04-12','822495801-9',62,3),(394,'2019-09-12','646391776-1',9,9),(395,'2019-02-27','073998388-1',2,7),(396,'2019-07-30','216718574-X',55,6),(397,'2018-10-22','535429048-1',9,10),(398,'2020-02-12','668508329-8',59,9),(399,'2019-06-23','680111552-9',13,7),(400,'2020-08-31','680111552-9',84,2),(401,'2020-01-12','299877940-9',63,2),(402,'2020-02-12','379926608-9',83,8),(403,'2020-10-03','668508329-8',26,10),(404,'2019-01-03','073998388-1',78,10),(405,'2019-04-10','216718574-X',28,2),(406,'2020-03-01','535429048-1',83,10),(407,'2020-08-21','535429048-1',81,3),(408,'2019-03-29','646391776-1',4,9),(409,'2019-01-06','668508329-8',12,1),(411,'2019-05-24','379926608-9',56,1),(412,'2019-09-11','535429048-1',66,10),(413,'2020-01-13','668508329-8',72,10),(414,'2019-12-14','668508329-8',20,7),(415,'2019-08-21','680111552-9',42,6),(416,'2019-06-06','646391776-1',62,7),(417,'2019-03-28','680111552-9',39,2),(418,'2020-04-26','668508329-8',54,8),(419,'2020-08-06','897167281-1',90,5),(420,'2020-04-02','897167281-1',92,8),(421,'2020-10-06','668508329-8',63,3),(422,'2019-05-16','822495801-9',93,5),(423,'2020-05-14','299877940-9',17,9),(424,'2020-04-05','073998388-1',98,8),(425,'2019-11-17','299877940-9',42,7),(426,'2019-02-21','680111552-9',36,4),(427,'2020-03-20','680111552-9',64,1),(428,'2020-03-06','680111552-9',92,2),(429,'2020-09-07','680111552-9',13,4),(430,'2020-02-19','646391776-1',57,4),(431,'2018-12-23','680111552-9',57,2),(432,'2020-01-31','216718574-X',84,1),(433,'2019-06-13','535429048-1',46,5),(434,'2020-10-03','897167281-1',78,10),(435,'2020-08-29','646391776-1',4,10),(436,'2019-01-08','379926608-9',99,3),(437,'2019-06-12','379926608-9',45,4),(438,'2019-05-11','680111552-9',36,10),(439,'2018-11-21','379926608-9',82,7),(440,'2019-07-19','379926608-9',85,5),(441,'2019-09-18','646391776-1',86,8),(442,'2020-09-17','216718574-X',96,6),(443,'2020-05-13','216718574-X',87,7),(444,'2020-05-16','668508329-8',89,1),(445,'2019-04-08','073998388-1',9,2),(446,'2019-06-26','822495801-9',8,3),(447,'2018-12-06','680111552-9',17,5),(448,'2019-07-26','668508329-8',8,4),(449,'2020-09-13','216718574-X',77,4),(450,'2019-04-09','535429048-1',75,6),(451,'2019-05-31','680111552-9',8,6),(452,'2018-11-28','299877940-9',58,5),(453,'2019-04-04','073998388-1',42,7),(454,'2018-11-25','680111552-9',29,7),(455,'2019-04-26','668508329-8',19,10),(456,'2019-11-18','216718574-X',82,10),(457,'2020-01-13','216718574-X',12,1),(458,'2019-10-29','299877940-9',18,9),(459,'2018-11-05','379926608-9',13,1),(460,'2020-03-17','680111552-9',76,8),(461,'2020-04-20','822495801-9',88,1),(462,'2019-04-10','535429048-1',74,6),(463,'2020-08-21','216718574-X',25,1),(464,'2018-12-28','668508329-8',77,6),(465,'2020-10-11','299877940-9',12,7),(466,'2020-08-10','535429048-1',47,8),(467,'2019-12-08','822495801-9',54,1),(468,'2019-03-22','822495801-9',47,1),(469,'2019-12-23','073998388-1',66,4),(470,'2020-09-12','646391776-1',40,5),(471,'2019-06-06','897167281-1',20,4),(472,'2019-10-09','073998388-1',74,7),(473,'2019-11-25','646391776-1',35,4),(474,'2019-03-14','299877940-9',72,4),(475,'2020-04-29','216718574-X',40,2),(476,'2018-11-25','299877940-9',47,3),(477,'2020-01-29','897167281-1',16,9),(478,'2019-01-03','535429048-1',58,6),(480,'2020-01-09','216718574-X',97,1),(481,'2020-01-01','822495801-9',1,10),(482,'2019-08-13','535429048-1',39,3),(483,'2020-08-14','897167281-1',100,8),(484,'2020-09-25','379926608-9',40,5),(485,'2020-08-17','535429048-1',60,3),(486,'2020-03-19','216718574-X',48,6),(487,'2020-01-02','680111552-9',31,2),(488,'2020-06-23','073998388-1',73,2),(489,'2019-11-29','535429048-1',19,8),(490,'2020-01-31','535429048-1',12,2),(491,'2019-08-12','680111552-9',4,1),(492,'2020-01-25','535429048-1',31,5),(493,'2019-12-22','646391776-1',37,4),(494,'2019-04-15','680111552-9',87,10),(495,'2019-12-04','379926608-9',12,4),(496,'2019-10-27','680111552-9',95,9),(497,'2020-09-05','535429048-1',76,3),(498,'2020-05-21','668508329-8',16,8),(499,'2018-11-07','668508329-8',45,8),(500,'2019-11-10','897167281-1',6,10),(501,'2018-11-21','668508329-8',80,10),(502,'2020-06-17','668508329-8',29,6),(503,'2020-07-09','668508329-8',47,8),(504,'2019-04-03','535429048-1',79,3),(505,'2018-12-13','379926608-9',83,6),(506,'2019-10-01','299877940-9',53,10),(507,'2019-02-23','299877940-9',78,4),(508,'2020-05-07','897167281-1',25,4),(509,'2020-04-26','073998388-1',100,7),(510,'2019-01-11','216718574-X',64,10),(511,'2020-05-30','646391776-1',90,3),(512,'2020-03-28','897167281-1',30,8),(513,'2019-03-29','646391776-1',47,4),(514,'2019-03-22','897167281-1',28,9),(515,'2019-08-02','073998388-1',36,5),(516,'2018-12-25','822495801-9',90,4),(517,'2018-10-22','299877940-9',76,6),(518,'2020-06-17','073998388-1',5,1),(519,'2019-11-26','680111552-9',44,4),(520,'2020-04-19','668508329-8',96,2),(521,'2020-08-18','073998388-1',70,10),(522,'2020-04-17','897167281-1',33,9),(523,'2020-02-17','379926608-9',82,3),(524,'2018-12-06','379926608-9',56,7),(525,'2020-08-08','379926608-9',64,8),(526,'2019-11-21','822495801-9',83,3),(527,'2020-10-12','822495801-9',30,8),(528,'2020-08-19','680111552-9',57,5),(529,'2019-10-11','299877940-9',28,1),(531,'2019-10-02','073998388-1',67,8),(532,'2018-11-30','379926608-9',66,6),(533,'2019-03-22','822495801-9',80,7),(534,'2020-01-03','897167281-1',85,1),(535,'2020-04-12','897167281-1',29,3),(536,'2020-09-04','822495801-9',35,2),(537,'2019-07-23','379926608-9',81,10),(538,'2018-11-06','646391776-1',78,7),(539,'2019-11-14','646391776-1',11,10),(540,'2019-02-28','680111552-9',97,7),(541,'2020-09-26','216718574-X',6,4),(542,'2019-08-26','680111552-9',29,1),(543,'2020-05-22','822495801-9',9,3),(544,'2019-06-20','680111552-9',7,8),(545,'2018-11-04','299877940-9',4,2),(546,'2020-03-28','535429048-1',71,9),(547,'2019-07-25','073998388-1',25,1),(548,'2019-01-13','897167281-1',44,3),(549,'2019-04-23','379926608-9',44,10),(550,'2019-11-28','299877940-9',80,7),(551,'2020-01-05','680111552-9',6,2),(552,'2019-11-04','216718574-X',100,5),(553,'2019-09-07','073998388-1',57,10),(554,'2019-05-22','535429048-1',41,1),(555,'2020-02-03','216718574-X',92,1),(556,'2019-08-21','299877940-9',32,4),(557,'2019-05-02','299877940-9',55,9),(558,'2018-10-29','668508329-8',87,7),(559,'2020-04-15','680111552-9',35,4),(560,'2019-05-28','822495801-9',100,3),(561,'2019-03-21','822495801-9',62,3),(562,'2019-06-21','822495801-9',80,6),(564,'2020-07-17','535429048-1',29,7),(565,'2019-03-13','822495801-9',32,8),(566,'2019-09-01','299877940-9',30,1),(567,'2020-08-07','822495801-9',73,10),(568,'2019-06-02','680111552-9',65,9),(569,'2019-01-20','216718574-X',8,3),(570,'2019-11-20','668508329-8',90,1),(571,'2020-05-06','379926608-9',52,8),(573,'2020-01-05','897167281-1',1,1),(574,'2018-11-15','668508329-8',20,10),(575,'2018-10-24','216718574-X',45,9),(576,'2019-08-31','646391776-1',51,7),(577,'2018-11-18','646391776-1',27,6),(578,'2020-10-12','822495801-9',36,1),(579,'2020-04-07','822495801-9',99,10),(580,'2019-08-07','646391776-1',56,3),(581,'2019-02-15','299877940-9',80,9),(582,'2019-12-25','216718574-X',43,8),(583,'2019-07-12','822495801-9',33,8),(584,'2019-05-24','668508329-8',29,8),(585,'2020-09-15','299877940-9',34,6),(586,'2019-01-03','073998388-1',5,3),(587,'2019-03-29','535429048-1',85,8),(588,'2019-10-31','535429048-1',9,2),(589,'2019-04-11','073998388-1',95,3),(590,'2019-04-10','073998388-1',27,10),(591,'2020-08-26','897167281-1',42,3),(592,'2019-03-03','897167281-1',91,1),(593,'2019-05-03','299877940-9',96,8),(594,'2020-09-25','897167281-1',59,3),(595,'2020-06-23','299877940-9',97,10),(596,'2018-11-18','216718574-X',61,4),(597,'2019-09-01','073998388-1',54,8),(598,'2019-05-05','680111552-9',94,2),(599,'2020-08-26','822495801-9',63,8),(600,'2018-11-13','668508329-8',4,9),(601,'2020-03-26','535429048-1',12,10),(602,'2019-08-24','216718574-X',50,9),(603,'2020-02-15','822495801-9',64,1),(604,'2020-08-13','897167281-1',59,5),(605,'2020-01-22','535429048-1',57,3),(606,'2019-02-07','668508329-8',23,10),(607,'2019-07-30','897167281-1',34,10),(608,'2019-10-12','379926608-9',38,9),(609,'2020-04-18','379926608-9',24,9),(610,'2019-11-05','680111552-9',54,10),(611,'2019-05-26','299877940-9',5,3),(612,'2020-01-30','680111552-9',98,4),(613,'2019-04-23','299877940-9',7,5),(614,'2020-02-18','073998388-1',13,5),(615,'2019-09-23','680111552-9',78,7),(616,'2019-12-31','822495801-9',42,3),(617,'2019-04-28','299877940-9',63,5),(618,'2020-08-31','299877940-9',51,7),(619,'2019-01-03','073998388-1',36,1),(620,'2020-07-25','668508329-8',68,7),(621,'2020-06-26','073998388-1',49,2),(622,'2019-10-31','299877940-9',4,6),(623,'2019-10-23','897167281-1',46,5),(624,'2019-05-31','822495801-9',52,3),(625,'2019-11-06','822495801-9',69,10),(626,'2020-05-16','535429048-1',36,3),(627,'2019-08-10','216718574-X',1,5),(628,'2020-08-19','646391776-1',48,1),(629,'2020-01-09','646391776-1',73,7),(630,'2018-12-12','216718574-X',98,4),(631,'2019-07-28','668508329-8',76,3),(632,'2019-02-02','646391776-1',53,9),(633,'2019-03-17','646391776-1',10,7),(635,'2019-03-24','073998388-1',39,4),(636,'2020-04-13','822495801-9',26,8),(637,'2019-06-27','535429048-1',41,7),(638,'2019-07-13','073998388-1',44,5),(639,'2018-12-24','216718574-X',49,3),(640,'2020-03-29','535429048-1',9,3),(641,'2018-11-07','299877940-9',39,10),(642,'2019-01-01','822495801-9',18,2),(643,'2020-04-22','822495801-9',100,7),(644,'2019-11-17','299877940-9',88,1),(645,'2019-10-04','535429048-1',52,5),(646,'2020-04-30','897167281-1',81,4),(647,'2019-03-24','680111552-9',72,10),(648,'2019-11-06','535429048-1',59,3),(649,'2020-07-21','379926608-9',82,8),(650,'2019-05-09','216718574-X',51,9),(651,'2019-07-28','073998388-1',26,6),(652,'2019-05-18','668508329-8',89,8),(653,'2020-07-20','073998388-1',82,6),(654,'2019-07-28','379926608-9',46,8),(655,'2020-06-15','897167281-1',87,4),(656,'2020-08-11','680111552-9',40,6),(657,'2020-08-03','299877940-9',42,7),(658,'2019-12-20','299877940-9',4,9),(659,'2019-02-11','535429048-1',60,6),(660,'2019-10-23','646391776-1',90,9),(661,'2020-05-13','073998388-1',41,7),(662,'2019-05-18','379926608-9',8,7),(663,'2019-11-10','897167281-1',74,5),(664,'2020-07-04','535429048-1',37,6),(665,'2019-07-18','216718574-X',43,1),(666,'2019-04-09','379926608-9',34,5),(667,'2019-01-13','535429048-1',54,9),(668,'2019-10-27','535429048-1',34,2),(669,'2019-06-11','535429048-1',55,6),(670,'2020-04-08','822495801-9',58,3),(671,'2020-07-01','822495801-9',53,2),(672,'2020-03-20','379926608-9',40,2),(673,'2019-03-23','535429048-1',44,5),(674,'2020-03-17','216718574-X',32,8),(675,'2020-08-26','822495801-9',12,10),(676,'2018-12-05','216718574-X',33,9),(677,'2020-10-15','535429048-1',88,9),(678,'2019-12-12','897167281-1',83,10),(679,'2020-06-17','646391776-1',38,6),(680,'2020-08-10','646391776-1',34,3),(681,'2019-04-11','216718574-X',56,10),(682,'2020-07-29','379926608-9',74,3),(683,'2020-09-02','216718574-X',23,1),(684,'2019-04-12','379926608-9',9,1),(685,'2018-12-28','646391776-1',11,3),(686,'2020-07-31','680111552-9',18,9),(687,'2019-06-23','646391776-1',83,3),(688,'2019-06-20','299877940-9',19,7),(689,'2019-06-07','379926608-9',97,7),(690,'2018-12-31','379926608-9',14,5),(691,'2018-11-23','073998388-1',77,2),(692,'2019-11-14','680111552-9',47,2),(693,'2020-03-07','535429048-1',92,4),(694,'2018-11-08','680111552-9',64,9),(695,'2019-04-28','668508329-8',100,9),(696,'2020-05-22','535429048-1',39,9),(697,'2020-02-21','668508329-8',10,8),(698,'2018-12-12','822495801-9',66,2),(699,'2019-06-30','668508329-8',70,2),(700,'2019-11-23','535429048-1',67,7),(701,'2020-07-24','073998388-1',82,4),(702,'2018-11-24','680111552-9',71,8),(703,'2020-03-01','897167281-1',17,5),(704,'2019-10-12','897167281-1',79,10),(705,'2020-01-03','535429048-1',43,7),(706,'2019-09-11','299877940-9',95,10),(707,'2019-05-26','073998388-1',80,10),(708,'2020-03-26','535429048-1',1,9),(709,'2020-01-30','680111552-9',66,6),(710,'2020-03-03','897167281-1',87,7),(711,'2020-03-16','897167281-1',41,4),(712,'2020-01-12','822495801-9',18,2),(713,'2019-01-16','646391776-1',58,6),(714,'2019-10-18','379926608-9',44,4),(715,'2019-12-24','216718574-X',58,7),(716,'2020-03-28','073998388-1',98,1),(717,'2019-01-20','822495801-9',46,5),(718,'2020-05-18','897167281-1',4,2),(719,'2018-12-06','535429048-1',67,4),(720,'2020-01-30','535429048-1',33,4),(721,'2018-12-17','668508329-8',60,10),(722,'2019-08-09','822495801-9',30,3),(723,'2019-04-25','680111552-9',44,3),(724,'2019-10-28','535429048-1',50,3),(725,'2020-07-30','680111552-9',5,6),(726,'2019-02-13','216718574-X',72,1),(727,'2019-04-01','216718574-X',3,8),(728,'2020-08-13','897167281-1',52,4),(729,'2020-01-29','680111552-9',46,8),(730,'2018-12-15','535429048-1',74,8),(731,'2020-05-10','680111552-9',91,5),(732,'2019-12-16','822495801-9',54,2),(733,'2018-12-29','535429048-1',27,9),(734,'2020-09-19','668508329-8',99,1),(735,'2019-08-31','216718574-X',81,3),(736,'2019-06-15','646391776-1',24,6),(737,'2020-10-01','680111552-9',15,4),(738,'2020-01-18','668508329-8',51,3),(739,'2020-10-04','822495801-9',47,6),(740,'2020-01-16','822495801-9',51,2),(741,'2020-09-25','646391776-1',82,1),(742,'2020-03-02','073998388-1',18,8),(743,'2018-12-04','680111552-9',42,3),(744,'2019-10-25','535429048-1',7,9),(745,'2019-08-15','073998388-1',73,8),(746,'2018-12-02','379926608-9',42,5),(747,'2020-07-23','216718574-X',40,7),(748,'2019-01-26','646391776-1',98,2),(749,'2019-07-17','379926608-9',36,10),(750,'2019-03-28','897167281-1',50,8),(751,'2020-03-26','216718574-X',30,1),(752,'2019-04-02','668508329-8',86,8),(753,'2018-11-30','379926608-9',4,2),(754,'2020-02-13','668508329-8',54,5),(755,'2018-12-08','680111552-9',37,5),(756,'2019-10-23','535429048-1',13,5),(757,'2019-04-13','668508329-8',3,4),(758,'2020-06-28','299877940-9',70,2),(759,'2019-08-13','216718574-X',9,10),(760,'2019-01-21','668508329-8',96,2),(761,'2019-01-06','646391776-1',70,6),(762,'2019-03-08','680111552-9',94,8),(763,'2019-07-10','680111552-9',33,1),(764,'2019-11-01','216718574-X',17,5),(765,'2018-11-07','379926608-9',38,2),(766,'2018-12-21','299877940-9',28,3),(767,'2020-07-29','822495801-9',88,4),(768,'2020-07-11','299877940-9',10,2),(769,'2020-04-26','299877940-9',52,6),(770,'2020-02-10','073998388-1',52,10),(771,'2019-07-11','668508329-8',35,4),(772,'2020-08-15','668508329-8',45,9),(773,'2018-11-30','822495801-9',51,7),(774,'2019-01-20','073998388-1',9,8),(775,'2020-03-31','535429048-1',66,9),(776,'2019-05-16','535429048-1',30,7),(777,'2018-11-22','535429048-1',30,1),(778,'2020-02-12','680111552-9',99,2),(779,'2019-04-19','897167281-1',1,3),(780,'2019-08-02','668508329-8',82,3),(781,'2019-01-19','897167281-1',50,1),(782,'2019-03-08','822495801-9',29,1),(783,'2020-04-23','073998388-1',70,6),(784,'2019-10-14','822495801-9',82,10),(785,'2019-09-21','897167281-1',35,9),(786,'2018-11-06','646391776-1',95,7),(787,'2019-03-05','668508329-8',4,7),(788,'2020-08-26','073998388-1',95,4),(790,'2019-06-21','073998388-1',19,2),(791,'2020-04-05','680111552-9',24,7),(792,'2020-07-22','299877940-9',73,1),(793,'2020-02-14','897167281-1',28,6),(794,'2019-12-29','668508329-8',42,9),(795,'2019-06-18','379926608-9',51,2),(796,'2020-03-02','668508329-8',83,2),(797,'2019-01-25','680111552-9',100,10),(798,'2019-12-12','379926608-9',48,6),(799,'2019-01-05','535429048-1',55,3),(800,'2019-05-21','073998388-1',91,10),(801,'2020-09-15','073998388-1',25,10),(802,'2019-05-09','379926608-9',34,6),(803,'2019-02-06','535429048-1',92,2),(804,'2019-11-03','680111552-9',93,5),(805,'2020-04-09','646391776-1',20,9),(806,'2020-02-09','897167281-1',52,7),(807,'2019-04-16','680111552-9',29,9),(808,'2019-04-16','073998388-1',2,3),(809,'2018-12-28','299877940-9',18,4),(810,'2020-09-12','073998388-1',3,8),(811,'2019-10-27','680111552-9',33,10),(812,'2019-02-17','535429048-1',79,8),(813,'2019-12-18','073998388-1',2,9),(814,'2019-02-17','379926608-9',96,5),(815,'2020-06-02','668508329-8',28,4),(816,'2019-07-18','668508329-8',25,4),(817,'2018-11-11','216718574-X',57,1),(818,'2019-01-28','668508329-8',80,10),(819,'2019-07-08','216718574-X',81,6),(820,'2020-08-12','897167281-1',30,10),(821,'2020-02-09','073998388-1',52,9),(822,'2019-05-26','680111552-9',13,9),(823,'2019-05-14','822495801-9',41,7),(824,'2019-05-07','379926608-9',16,2),(825,'2019-04-15','073998388-1',97,5),(826,'2020-06-18','668508329-8',76,3),(827,'2018-11-03','535429048-1',71,9),(828,'2020-02-21','535429048-1',50,2),(829,'2020-06-01','073998388-1',30,9),(830,'2019-06-06','073998388-1',48,7),(831,'2020-06-16','646391776-1',93,10),(832,'2019-01-02','680111552-9',85,2),(833,'2019-05-27','646391776-1',39,7),(834,'2018-12-20','646391776-1',99,5),(835,'2020-01-30','822495801-9',60,8),(836,'2020-09-29','535429048-1',17,4),(837,'2019-09-18','299877940-9',53,2),(838,'2020-01-18','822495801-9',57,10),(839,'2018-11-13','646391776-1',66,5),(840,'2018-11-22','299877940-9',90,10),(841,'2020-01-25','822495801-9',60,6),(842,'2019-12-04','073998388-1',83,10),(843,'2020-04-16','073998388-1',40,3),(844,'2019-04-22','073998388-1',1,7),(845,'2019-09-03','535429048-1',2,3),(846,'2019-07-16','379926608-9',32,2),(847,'2020-05-23','668508329-8',38,7),(848,'2020-09-27','822495801-9',59,10),(849,'2019-07-02','897167281-1',20,7),(850,'2019-12-30','073998388-1',59,6),(851,'2020-05-12','668508329-8',83,9),(852,'2020-05-22','680111552-9',67,4),(853,'2018-12-07','822495801-9',47,1),(854,'2020-01-08','073998388-1',55,3),(855,'2020-07-30','379926608-9',13,10),(856,'2019-02-27','073998388-1',57,2),(857,'2020-04-01','379926608-9',57,9),(858,'2020-05-26','216718574-X',71,5),(859,'2018-11-18','299877940-9',37,10),(860,'2019-06-02','535429048-1',57,10),(861,'2020-09-03','299877940-9',11,1),(862,'2019-08-19','646391776-1',86,8),(863,'2019-05-26','897167281-1',28,5),(864,'2019-04-11','379926608-9',27,9),(865,'2018-10-22','299877940-9',78,8),(866,'2020-06-01','897167281-1',7,9),(867,'2020-09-07','668508329-8',27,5),(868,'2019-04-24','299877940-9',34,4),(869,'2018-11-19','822495801-9',17,9),(870,'2019-12-29','073998388-1',86,2),(871,'2020-09-27','379926608-9',32,2),(872,'2020-03-03','379926608-9',8,6),(873,'2019-06-21','897167281-1',93,1),(874,'2019-04-15','897167281-1',91,10),(875,'2019-01-31','379926608-9',39,4),(876,'2019-02-07','897167281-1',23,9),(877,'2019-03-01','668508329-8',98,2),(878,'2019-09-19','646391776-1',17,9),(879,'2019-06-24','299877940-9',4,3),(880,'2020-09-23','822495801-9',72,7),(881,'2019-01-16','646391776-1',6,1),(882,'2020-01-03','680111552-9',75,1),(883,'2019-12-17','822495801-9',93,4),(884,'2019-02-22','299877940-9',24,10),(885,'2020-08-20','379926608-9',45,6),(886,'2019-03-30','535429048-1',24,9),(887,'2019-10-21','822495801-9',48,2),(888,'2018-11-21','535429048-1',84,5),(889,'2019-01-19','216718574-X',63,8),(890,'2020-03-23','822495801-9',99,7),(891,'2019-12-02','822495801-9',11,2),(892,'2020-08-27','379926608-9',91,6),(893,'2018-11-21','646391776-1',85,10),(894,'2020-03-31','535429048-1',69,10),(895,'2019-11-21','646391776-1',30,4),(896,'2020-04-14','073998388-1',68,1),(897,'2019-06-09','822495801-9',86,5),(898,'2019-09-10','073998388-1',54,7),(899,'2019-05-01','680111552-9',73,9),(900,'2020-05-07','379926608-9',1,9),(901,'2018-10-27','073998388-1',78,1),(902,'2019-11-13','680111552-9',1,6),(903,'2020-01-30','646391776-1',62,9),(904,'2019-10-19','897167281-1',61,7),(905,'2019-06-23','073998388-1',37,5),(906,'2020-07-17','299877940-9',92,10),(907,'2019-10-26','073998388-1',100,8),(908,'2020-01-17','680111552-9',44,7),(909,'2019-11-20','299877940-9',95,2),(910,'2018-11-29','822495801-9',44,8),(911,'2020-02-09','073998388-1',98,9),(912,'2019-08-18','668508329-8',29,3),(913,'2019-08-17','897167281-1',41,3),(914,'2020-09-08','535429048-1',63,3),(915,'2020-06-19','299877940-9',53,2),(916,'2018-11-10','897167281-1',54,6),(917,'2019-09-29','680111552-9',46,5),(918,'2019-10-08','646391776-1',25,6),(919,'2019-04-27','897167281-1',27,10),(920,'2019-05-03','646391776-1',42,9),(921,'2019-06-21','668508329-8',32,2),(922,'2020-02-13','073998388-1',83,9),(923,'2020-07-28','073998388-1',6,4),(924,'2019-05-24','379926608-9',87,2),(925,'2020-08-30','668508329-8',99,3),(926,'2019-04-30','379926608-9',71,10),(927,'2019-01-07','822495801-9',76,6),(928,'2020-03-20','299877940-9',80,5),(929,'2020-04-16','535429048-1',88,8),(930,'2019-08-02','668508329-8',66,1),(931,'2019-12-07','680111552-9',81,1),(932,'2020-05-27','535429048-1',49,6),(933,'2019-10-18','680111552-9',49,7),(934,'2020-03-21','897167281-1',20,4),(935,'2019-11-24','646391776-1',19,10),(936,'2020-09-05','646391776-1',93,6),(937,'2020-06-12','379926608-9',85,5),(938,'2019-11-25','073998388-1',55,3),(939,'2019-10-07','299877940-9',96,6),(940,'2019-12-29','668508329-8',90,3),(941,'2019-11-07','216718574-X',21,5),(942,'2020-09-05','535429048-1',96,4),(943,'2020-03-07','073998388-1',89,7),(944,'2019-09-28','822495801-9',28,8),(945,'2020-06-25','073998388-1',73,7),(946,'2019-01-28','073998388-1',8,4),(947,'2019-03-12','379926608-9',15,5),(948,'2019-07-05','897167281-1',72,5),(949,'2019-04-16','535429048-1',34,1),(950,'2020-08-20','646391776-1',14,2),(951,'2019-07-22','535429048-1',60,10),(952,'2019-09-01','822495801-9',10,3),(953,'2019-02-13','680111552-9',88,2),(954,'2020-02-12','535429048-1',4,6),(955,'2020-05-01','216718574-X',24,1),(956,'2019-11-03','535429048-1',68,10),(957,'2020-04-09','680111552-9',80,10),(958,'2019-04-14','216718574-X',18,9),(959,'2019-06-23','680111552-9',59,7),(960,'2019-07-01','216718574-X',93,9),(961,'2020-09-14','299877940-9',26,7),(962,'2019-09-29','897167281-1',29,3),(963,'2020-02-24','646391776-1',69,2),(964,'2020-10-09','646391776-1',65,9),(965,'2020-08-07','668508329-8',81,2),(966,'2018-12-15','535429048-1',12,4),(967,'2019-10-25','897167281-1',85,10),(968,'2019-11-02','535429048-1',27,7),(969,'2018-11-15','073998388-1',37,4),(970,'2020-07-06','379926608-9',78,3),(971,'2020-03-03','680111552-9',88,9),(972,'2019-09-17','073998388-1',90,3),(973,'2019-06-24','680111552-9',4,5),(974,'2019-03-06','535429048-1',17,4),(975,'2020-05-15','216718574-X',38,5),(976,'2020-08-25','668508329-8',71,8),(977,'2019-04-20','216718574-X',85,7),(978,'2020-09-04','216718574-X',99,6),(979,'2020-04-10','535429048-1',30,4),(980,'2019-08-15','668508329-8',4,7),(981,'2020-06-08','379926608-9',72,3),(982,'2019-10-16','073998388-1',85,4),(983,'2019-05-13','897167281-1',63,8),(984,'2020-07-20','646391776-1',57,8),(985,'2020-09-09','216718574-X',73,5),(986,'2019-05-05','646391776-1',98,1),(987,'2019-09-15','668508329-8',16,8),(988,'2018-11-25','646391776-1',48,10),(989,'2019-12-01','822495801-9',25,1),(990,'2019-11-18','680111552-9',58,9),(991,'2020-03-18','897167281-1',71,7),(992,'2019-02-20','299877940-9',75,4),(993,'2019-02-07','073998388-1',97,9),(994,'2018-12-06','073998388-1',91,8),(995,'2020-02-28','073998388-1',65,2),(996,'2019-02-13','897167281-1',83,4),(997,'2020-04-09','073998388-1',63,1),(998,'2019-03-13','073998388-1',51,3),(999,'2020-07-16','646391776-1',13,5),(1000,'2018-12-18','535429048-1',13,3);
/*!40000 ALTER TABLE `purchases` ENABLE KEYS */;
UNLOCK TABLES;
/*!40103 SET TIME_ZONE=@OLD_TIME_ZONE */;

/*!40101 SET SQL_MODE=@OLD_SQL_MODE */;
/*!40014 SET FOREIGN_KEY_CHECKS=@OLD_FOREIGN_KEY_CHECKS */;
/*!40014 SET UNIQUE_CHECKS=@OLD_UNIQUE_CHECKS */;
/*!40101 SET CHARACTER_SET_CLIENT=@OLD_CHARACTER_SET_CLIENT */;
/*!40101 SET CHARACTER_SET_RESULTS=@OLD_CHARACTER_SET_RESULTS */;
/*!40101 SET COLLATION_CONNECTION=@OLD_COLLATION_CONNECTION */;
/*!40111 SET SQL_NOTES=@OLD_SQL_NOTES */;

-- Dump completed on 2020-10-19 22:20:06
